<?xml version="1.0" encoding="utf-8" ?> 
<!--********** Copyright 2016 Roku Corp.  All Rights Reserved. **********--> 

<!-- 
    main node which handles home screen children 
    -->
<component name="deeplinkscene" extends="Scene">
    
    <interface>
		<field id="movieID" type="String"/>


    </interface>
    
   
    <script type="text/brightscript" uri="pkg:/components/DeepLinkScene/deeplinkscene.brs" />
	<script type="text/brightscript" uri="pkg:/source/main.brs" />
    
    <children>


        <Video id="videoPlayer"
          visible="true"/>


      <Group id="videoPlayBackLoad" visible="false">
        <Poster id="detailPosterVideoPLayback" height="720" width="1280" translation="[0,0]" />
        <Rectangle id="opacityBGVideoPLayback" color="#000000" height="720" width="1280" translation="[0,0]" opacity="0.7"/> 
        <ScrollingLabel id="detailTitleVideoPLaybackVideoPLayback" horizAlign="Center" scrollSpeed="50" color="#ed1c24" translation="[0,260]" maxWidth="1250" >
          <Font role="font" uri="pkg:/fonts/lato/Lato-Bold.ttf" size="36" />
        </ScrollingLabel>


      


        <Label id="detailTitleVideoPLaybackLoadIngNumber" horizAlign="Center" height="100" color="#ed1c24" translation="[0,550]" width="1280" >
          <Font role="font" uri="pkg:/fonts/lato/Lato-Bold.ttf" size="32" />
        </Label> 
      </Group>

      <Group id="videoPlayBackPlay" translation="[0,720]" visible="false">
        <Rectangle id="playeBackGradient" color="#141414" translation="[0,0]" height="720" width="1280" opacity="0.7"/>
        <ScrollingLabel id="detailTitleVideoPLaybackVideoPLay" horizAlign="left" scrollSpeed="50" color="#ffffff" translation="[60,80]" maxWidth="1200" >
          <Font role="font" uri="pkg:/fonts/lato/Lato-Bold.ttf" size="36" />
        </ScrollingLabel>
        <Label id="detailDescriptionVideoPLaybackVideoPLayback" color="#ffffff" lineSpacing="0.2" wrap="true" translation="[60,130]" horizAlign="left" height="350"  width="900" >

          <Font role="font" uri="pkg:/fonts/lato/Lato-Bold.ttf" size="24" />

        </Label>  
        <Poster id="play_pause_Icon" height="32" width="32" translation="[60,650]" />
        <videoPlayerUI id="videoPlayerUI"  translation="[170,660]"/> 
        <Label id="speedXvalue"  height="100" color="#ed1c24" translation="[105,645]" width="100" >
          <Font role="font" uri="pkg:/fonts/lato/Lato-Bold.ttf" size="32" />
        </Label> 
      </Group>

      <Animation id = "R1Animation" duration = "0.4" easeFunction = "linear" >
        <Vector2DFieldInterpolator id="R1A1translation"    key= "[0,0.4]" fieldToInterp="videoPlayBackPlay.translation" /> 

      </Animation>

      <Timer id="playerInfoInvisibleTimer" duration="5" repeat="true"/>
      <Timer id="seekTimerControler" duration="1" repeat="true"/>
      <Timer id="playTimerControler" duration="1" repeat="true"/>



        <LoadingIndicator2
        id="loadingIndicator"
        visible="false"       
        />  

   <Timer id="detailInvisibleTimer" duration="1" repeat="true"/>
      


    </children>
</component>
