<?xml version="1.0" encoding="utf-8" ?> 
<!--********** Copyright 2016 Roku Corp.  All Rights Reserved. **********--> 

<!-- 
    main node which handles home screen children 
    -->
<component name="videoPlayerUI" extends="Group">
    
    <interface>
      	
    	<field id="timeCountAText" alias="timeCountA.text"/>
    	<field id="timeCountBText" alias="timeCountB.text"/>
    	<field id="totalVideoDuration" type="float"/>    	
    	<field id="SeekPathMeasure" type="int" onChange="SeekPathMeasureFunc"/>





    </interface>    
   
    <script type="text/brightscript" uri="pkg:/components/VideoPLayer/VideoPLayer.brs" />
	<script type="text/brightscript" uri="pkg:/source/main.brs" />
	
    
    <children>	
   
    	<Rectangle id="seekBarPath" color="#ffffff" height="4" width="1000"/>
    	<Rectangle id="seekBarPathRed" color="#ff0000" height="4"/>


    	<Label id="timeCountA" horizAlign="Left" translation="[0,6]" height="100" color="#ffffff"  width="1000" >
          <Font role="font" uri="pkg:/fonts/lato/Lato-Bold.ttf" size="18" />
        </Label> 
        <Label id="timeCountB" horizAlign="Right" translation="[0,6]" height="100" color="#ffffff"  width="1000" >
          <Font role="font" uri="pkg:/fonts/lato/Lato-Bold.ttf" size="18" />
        </Label>
	    	
    </children>
</component>
